Country Name,Access to electricity (% of population),Adjusted net national income (constant 2015 US$),CO2 emissions (kt),"Death rate, crude (per 1,000 people)",Land area (sq. km),"PM2.5 air pollution, mean annual exposure (micrograms per cubic meter)","Population, total",Renewable energy consumption (% of total final energy consumption),Renewable electricity output (% of total electricity output)
Senegal,60.5,15503087529.9722,9285.5,6.109,192530.0,65.39361923,14356181.0,39.11,10.417193426043
Sierra Leone,19.6586170196533,3571359705.4950404,1084.5,10.712,72180.0,55.08583208,7314773.0,74.03,60.9756097560976
Singapore,100.0,239432352811.545,45431.9,4.8,709.0,18.29501195,5535002.0,0.65,1.82088664088069
Somalia,51.2413673400879,3925747293.08574,646.2,12.447,627340.0,28.41561243,13763906.0,94.5,0.0
